sample,NatalExit_IncNum,FWExit_IncNum,NatalExit_OR,FWExit_OR,year,tributary,NatalExitFL,FWExitFL
BC07_01,NA,NA,599.2436975,683.0460624,2007,Butte Creek,91.60373104,106.121087
BC07_02,NA,NA,338.0176991,367.6840982,2007,Butte Creek,46.35070253,51.48990924
BC07_04,NA,NA,319.497307,353.6374408,2007,Butte Creek,43.14235482,49.05656113
BC07_06,NA,NA,373.7315436,417.8255034,2007,Butte Creek,52.53752786,60.17606778
BC07_07,NA,NA,365.3431116,407.6587678,2007,Butte Creek,51.08437252,58.41485114
BC07_08,NA,NA,389.4630872,445.0529248,2007,Butte Creek,55.26275428,64.89276247
BC07_09,NA,NA,492.9343629,546.1052632,2007,Butte Creek,73.18741958,82.3983874
BC07_10,NA,NA,452.8272251,499.5058366,2007,Butte Creek,66.23952978,74.32581731
BC07_11,NA,NA,549.8385469,617.2343096,2007,Butte Creek,83.04511628,94.72030324
BC07_12,NA,NA,455.4435858,475.7527048,2007,Butte Creek,66.69277043,70.21098511
BC07_13,NA,NA,516.3307985,571.7906574,2007,Butte Creek,77.24046013,86.84795171
BC07_14,NA,NA,530.76,581.080681,2007,Butte Creek,79.7400776,88.45729268
BC07_15,NA,NA,492.9482072,548.7764489,2007,Butte Creek,73.18981786,82.86112559
BC07_16,NA,NA,375,437.03125,2007,Butte Creek,52.75726668,63.50314168
BC07_17,NA,NA,481.8552036,522.7225131,2007,Butte Creek,71.26814081,78.34771763
BC07_18,NA,NA,421.0449927,472.3279649,2007,Butte Creek,60.73379039,69.61770629
BC07_19,NA,NA,486.1123348,530.9173004,2007,Butte Creek,72.00561748,79.76732726
BC07_23,NA,NA,396.5982405,484.8116254,2007,Butte Creek,56.49880006,71.78029137
BC07_24,NA,NA,503.2900433,558.170796,2007,Butte Creek,74.98136774,84.48853886
BC07_25,NA,NA,418.8461538,472.0838972,2007,Butte Creek,60.35287838,69.57542564
BC07_26,NA,NA,492.842725,549.6610169,2007,Butte Creek,73.17154484,83.01436218
BC07_27,NA,NA,512.3021148,557.3147341,2007,Butte Creek,76.54255817,84.34024047
BC07_28,NA,NA,450.414866,525.0516351,2007,Butte Creek,65.82162897,78.751199
BC07_29,NA,NA,543.3465459,591.0746606,2007,Butte Creek,81.92048584,90.18858225
BC07_37,NA,NA,556.426513,608.2519965,2007,Butte Creek,84.18637104,93.16426794
BC07_38,NA,NA,586.6717557,627,2007,Butte Creek,89.42585272,96.41204552
BC07_41,NA,NA,420.3179191,468.3921982,2007,Butte Creek,60.60783706,68.93590064
BC07_42,NA,NA,527.4,566.5238303,2007,Butte Creek,79.15801388,85.93556214
BC07_43,NA,NA,392.303263,450.1223491,2007,Butte Creek,55.75476715,65.77095531
BC07_44,NA,NA,424.7813411,483.378922,2007,Butte Creek,61.38105016,71.53209949
BC07_45,NA,NA,516.4553314,560.5538922,2007,Butte Creek,77.26203338,84.90137036
BC07_46,NA,NA,511.7865429,566.4673913,2007,Butte Creek,76.45324398,85.92578502
BC07_47,NA,NA,344.9032258,567.8750697,2007,Butte Creek,47.54350469,86.16964173
BC07_48,NA,NA,512.87373,578.8305489,2007,Butte Creek,76.64158094,88.06749499
BC07_49,NA,NA,512.3831776,578.5373925,2007,Butte Creek,76.55660094,88.01671054
BC07_50,NA,NA,461.6722408,507.6275939,2007,Butte Creek,67.77178058,75.73277573
BC08-01,NA,NA,393.1897762,502.6223707,2008,Butte Creek,55.90834071,74.86570464
BC08-02,NA,NA,494.9823427,576.686648,2008,Butte Creek,73.54219776,87.69610006
BC08-03,NA,NA,596.8324422,648.3382684,2008,Butte Creek,91.18602146,100.1085431
BC08-04,NA,NA,519.2035109,574.0852294,2008,Butte Creek,77.73810945,87.24544787
BC08-06,NA,NA,508.4684079,597.5115159,2008,Butte Creek,75.87843267,91.3036596
BC08-07,NA,NA,555.9871948,608.6858008,2008,Butte Creek,84.11026654,93.23941727
BC08-08,NA,NA,537.0588305,599.2593594,2008,Butte Creek,80.83124447,91.6064442
BC08-09,NA,NA,502.361668,551.7629475,2008,Butte Creek,74.82054228,83.37848644
BC08-10,NA,NA,490.7190026,561.5187977,2008,Butte Creek,72.80364551,85.06852408
BC08-11,NA,NA,415.8496344,582.7334862,2008,Butte Creek,59.83378157,88.7436135
BC08-12,NA,NA,641.8918379,684.8970977,2008,Butte Creek,98.99180699,106.4417479
BC08-13,NA,NA,730.0156543,768.3710606,2008,Butte Creek,114.257782,120.9022137
BC08-14,NA,NA,380.5828935,612.2450641,2008,Butte Creek,53.72440946,93.85600003
BC08-15,NA,NA,607.5347043,683.1775151,2008,Butte Creek,93.0400091,106.143859
BC08-16,NA,NA,539.1163158,594.3931635,2008,Butte Creek,81.18766934,90.76345728
BC08-17,NA,NA,576.8207,667.7729199,2008,Butte Creek,87.71932232,103.4752709
BC08-18,NA,NA,608.9898624,663.2456253,2008,Butte Creek,93.29209086,102.690993
BC08-19,NA,NA,533.0137667,588.7620611,2008,Butte Creek,80.13050493,89.78796311
BC08-20,NA,NA,578.4496319,627.6423223,2008,Butte Creek,88.0015075,96.52331709
BC08-21,NA,NA,411.6458664,539.0243765,2008,Butte Creek,59.10554919,81.17174239
BC08-22,NA,NA,619.0177943,700.148825,2008,Butte Creek,95.02926208,109.0838542
BC08-23,NA,NA,547.5396257,615.9427324,2008,Butte Creek,82.64686669,94.49655912
BC08-24,NA,NA,274.3175285,571.8396587,2008,Butte Creek,35.31571499,86.85644036
BC08-25,NA,NA,515.0870987,577.5880171,2008,Butte Creek,77.02500999,87.85224716
BC08-26,NA,NA,615.9396065,690.3751482,2008,Butte Creek,94.49601761,107.3907284
BC08-27,NA,NA,495.8296114,583.1230296,2008,Butte Creek,73.68897288,88.81109536
BC08-28,NA,NA,553.5916846,596.596055,2008,Butte Creek,83.69528452,91.14507134
BC08-29,NA,NA,515.2557108,579.1098035,2008,Butte Creek,77.0542192,88.11587116
BC08-30,NA,NA,564.4532653,622.1296005,2008,Butte Creek,85.57687143,95.56833039
BC08-31,NA,NA,436.4264362,495.9837133,2008,Butte Creek,63.39836782,73.71566845
BC08-33,NA,NA,510.8933909,558.6422719,2008,Butte Creek,76.29852036,84.57021416
BC08-34,NA,NA,584.7811738,626.7540788,2008,Butte Creek,89.09834106,96.36944379
BC08-35,NA,NA,540.6380626,602.1224841,2008,Butte Creek,81.45128648,92.1024326
BC08-36,NA,NA,589.7132624,614.6025279,2008,Butte Creek,89.9527428,94.26439115
BC08-38,NA,NA,589.5419353,644.5671267,2008,Butte Creek,89.92306326,99.45525595
BC08-39,NA,NA,555.4640848,600.6800159,2008,Butte Creek,84.01964648,91.85254915
BC08-40,NA,NA,594.5412366,636.3433264,2008,Butte Creek,90.78910846,98.0306203
BC08-42,NA,NA,589.1582861,619.7891655,2008,Butte Creek,89.85660245,95.16288922
BC08-43,NA,NA,677.9907586,718.5548646,2008,Butte Creek,105.2453403,112.2723922
BC08-45,NA,NA,333.920527,551.8804884,2008,Butte Creek,45.64093609,83.39884844
BC08-46,NA,NA,586.2318584,638.7083326,2008,Butte Creek,89.34964789,98.44031802
BC08-47,NA,NA,572.8229474,625.7873746,2008,Butte Creek,87.02677866,96.20197848
BC08-48,NA,NA,560.4750634,594.5664771,2008,Butte Creek,84.88771459,90.79348095
BC08-50,NA,NA,512.1034132,568.0105647,2008,Butte Creek,76.50813645,86.19311396
BC08-51,NA,NA,563.192797,618.6979238,2008,Butte Creek,85.35851641,94.97384987
BC08-52,NA,NA,353.5231148,583.981345,2008,Butte Creek,49.03675607,88.95978412
BC08-53,NA,NA,589.6417012,657.9267982,2008,Butte Creek,89.94034603,101.7695953
BC08-54,NA,NA,529.8158972,585.744187,2008,Butte Creek,79.5765276,89.26516698
BC08-55,NA,NA,561.4483033,624.5175386,2008,Butte Creek,85.0563121,95.98200067
BC08-56,NA,NA,575.720733,633.1979597,2008,Butte Creek,87.52877147,97.48573822
BC08-57,NA,NA,471.4744892,513.6201236,2008,Butte Creek,69.46985592,76.77088112
BC08-58,NA,NA,548.5940037,614.9081653,2008,Butte Creek,82.82952,94.3173377
BC08-59,NA,NA,513.8274308,554.6670356,2008,Butte Creek,76.80679362,83.88157105
BC08-60,NA,NA,568.6066667,619.9013953,2008,Butte Creek,86.29637864,95.18233117
BC09-01,NA,NA,490.3667335,555.0719487,2009,Butte Creek,72.74262079,83.95171547
BC09-02,NA,NA,606.7828206,674.1435162,2009,Butte Creek,92.90975783,104.57887
BC09-03,NA,NA,414.2927388,501.6846406,2009,Butte Creek,59.56407549,74.70325862
BC09-04,NA,NA,535.6572093,584.6941527,2009,Butte Creek,80.58843708,89.08326613
BC09-05,NA,NA,524.0506388,581.8797076,2009,Butte Creek,78.57779316,88.59571065
BC09-06,NA,NA,447.0196377,522.7380053,2009,Butte Creek,65.23346254,78.3504014
BC09-07,NA,NA,446.6214882,505.1916042,2009,Butte Creek,65.1644898,75.31078131
BC09-08,NA,NA,529.8427482,564.1487246,2009,Butte Creek,79.58117909,85.52411486
BC09-09,NA,NA,570.296917,628.390989,2009,Butte Creek,86.58918621,96.65301106
BC09-10,NA,NA,564.358857,602.1786797,2009,Butte Creek,85.56051678,92.11216755
BC09-11,NA,NA,471.1283609,514.0119091,2009,Butte Creek,69.409895,76.83875139
BC09-12,NA,NA,463.6508924,530.3504164,2009,Butte Creek,68.11454883,79.6691241
BC09-13,NA,NA,552.6206507,611.6067023,2009,Butte Creek,83.52706916,93.74541454
BC09-15,NA,NA,523.5146436,577.2262676,2009,Butte Creek,78.48494097,87.78958012
BC09-16,NA,NA,328.1295362,555.6846366,2009,Butte Creek,44.63774394,84.05785339
BC09-17,NA,NA,591.4766755,657.8874322,2009,Butte Creek,90.25822458,101.7627758
BC09-18,NA,NA,263.3437831,478.2839863,2009,Butte Creek,33.51319663,70.64948724
BC09-19,NA,NA,571.2141092,609.2806542,2009,Butte Creek,86.74807439,93.34246566
BC09-20,NA,NA,479.5344902,586.2920233,2009,Butte Creek,70.86611608,89.36007043
BC09-21,NA,NA,546.2656152,596.7070356,2009,Butte Creek,82.42616571,91.16429686
BC09-22,NA,NA,576.8082973,633.7569833,2009,Butte Creek,87.71717376,97.58257969
BC09-23,NA,NA,565.2733985,597.0425432,2009,Butte Creek,85.71894577,91.22241793
BC09-25,NA,NA,341.8607982,532.9017651,2009,Butte Creek,47.01645506,80.11110253
BC09-26,NA,NA,529.7372874,580.9861557,2009,Butte Creek,79.56290978,88.44091776
BC09-27,NA,NA,586.8094588,625.0623878,2009,Butte Creek,89.44970747,96.07638666
BC09-28,NA,NA,643.7430838,682.2768527,2009,Butte Creek,99.31250433,105.9878343
BC09-29,NA,NA,451.9409519,481.935213,2009,Butte Creek,66.08599778,71.2820011
BC09-30,NA,NA,462.4977651,543.0388406,2009,Butte Creek,67.91478884,81.86718105
BC09-31,NA,NA,486.6415184,543.427186,2009,Butte Creek,72.09728968,81.93445539
BC09-32,NA,NA,570.8535017,622.4318445,2009,Butte Creek,86.68560518,95.62068909
BC09-33,NA,NA,653.8055617,709.2905994,2009,Butte Creek,101.0556601,110.6675134
BC09-34,NA,NA,612.9604631,686.0637454,2009,Butte Creek,93.97993093,106.6438501
BC09-35,NA,NA,552.7788761,606.9312106,2009,Butte Creek,83.55447906,92.93546392
BC09-36,NA,NA,522.021646,600.2745142,2009,Butte Creek,78.22630414,91.78230278
BC09-37,NA,NA,583.7437506,617.1775428,2009,Butte Creek,88.91862488,94.71046935
BC09-38,NA,NA,536.1514557,584.0828823,2009,Butte Creek,80.674057,88.97737377
BC09-39,NA,NA,585.3899866,642.8291205,2009,Butte Creek,89.20380769,99.15417549
BC09-40,NA,NA,589.3385769,649.1874718,2009,Butte Creek,89.88783481,100.2556534
BC09-41,NA,NA,496.8715704,548.7595961,2009,Butte Creek,73.86947482,82.85820611
BC09-42,NA,NA,400.3866124,496.3586115,2009,Butte Creek,57.15507203,73.78061328
BC09-43,NA,NA,447.7871242,501.1689083,2009,Butte Creek,65.36641672,74.61391663
BC09-44,NA,NA,496.2960921,555.6086674,2009,Butte Creek,73.76978284,84.044693
BC09-45,NA,NA,568.6990745,616.3726131,2009,Butte Creek,86.31238676,94.57102875
BC09-46,NA,NA,432.2157307,538.0923485,2009,Butte Creek,62.66893362,81.01028416
BC09-47,NA,NA,271.4037414,574.5815038,2009,Butte Creek,34.81095018,87.3314191
BC09-48,NA,NA,578.8840992,628.2130404,2009,Butte Creek,88.07677167,96.62218446
BUT052303CS01,71,79,487.8929746,516.0289521,2003,Butte Creek,72.3140835,77.18817031
BUT061015CS01,NA,NA,487.7384874,547.7297055,2015,Butte Creek,72.28732117,82.67979483
BUT061015CS02,79,89,510.9630057,550.3870825,2015,Butte Creek,76.31057995,83.14014088
BUT061115CS01,86,98,542.8327138,584.3538402,2015,Butte Creek,81.83147303,89.02431268
BUT061215CS01,43,55,392.6287243,438.2412291,2015,Butte Creek,55.81114787,63.71275029
BUT061815CS01,68,77,439.0192262,481.5956131,2015,Butte Creek,63.84752526,71.22317111
BUT061815CS02,73,90,547.3478038,607.8233187,2015,Butte Creek,82.61363675,93.09000671
BUT061815CS03,69,80,477.7034533,520.891966,2015,Butte Creek,70.54891962,78.03060601
BUT062118CS01,NA,NA,518.1328669,565.5009831,2018,Butte Creek,77.55263831,85.75837098
BUT062515CS01,84,97,536.5929625,583.1407755,2015,Butte Creek,80.75054064,88.81416954
BUT063015CS01,88,106,493.274013,552.2104466,2015,Butte Creek,73.24625826,83.45600817
BUT063015CS02,NA,NA,593.1346724,632.1216364,2015,Butte Creek,90.54544478,97.29928324
BUT063015CS03,112,120,581.6987144,616.727069,2015,Butte Creek,88.56435661,94.6324323
BUT063015CS04,81,91,514.2106034,562.33134,2015,Butte Creek,76.87317186,85.20928342
BUT063016CS01,60,67,541.354578,586.697686,2016,Butte Creek,81.57541077,89.4303447
BUT070215CS01,116,128,605.7606927,655.0382519,2015,Butte Creek,92.7326913,101.269203
BUT070715CS01,NA,NA,425.432465,454.2192745,2015,Butte Creek,61.49384646,66.48067901
BUT070715CS02,90,99,506.9238784,546.5409967,2015,Butte Creek,75.61086881,82.47387094
BUT070715CS03,95,108,529.0384992,569.3799937,2015,Butte Creek,79.44185642,86.43034461
BUT070915CS01,62,62,547.6691182,602.9486001,2015,Butte Creek,82.66929909,92.24554337
BUT070915CS02,NA,NA,451.1513652,502.0896691,2015,Butte Creek,65.94921511,74.77342302
BUT070915CS03,76,87,561.191113,611.7701867,2015,Butte Creek,85.01175818,93.77373547
BUT070915CS04,75,84,491.7555351,536.7111692,2015,Butte Creek,72.9832074,80.77101797
BUT070915CS05,82,93,561.869199,623.130237,2015,Butte Creek,85.12922523,95.7416739
BUT070915CS06,82,95,564.7479057,605.2585464,2015,Butte Creek,85.62791294,92.64570287
BUT070915CS07,62,74,519.3493226,570.4264941,2015,Butte Creek,77.76336887,86.61163326
BUT070915CS08,NA,NA,447.0268231,474.6685648,2015,Butte Creek,65.23470728,70.02317602
BUT070915CS09,75,83,500.1116366,531.1861592,2015,Butte Creek,74.43076203,79.81390254
BUT070915CS11,66,70,486.8179514,506.8358433,2015,Butte Creek,72.12785374,75.5956182
BUT070915CS12,122,134,525.9875938,562.7830434,2015,Butte Creek,78.91333816,85.28753346
BUT070915CS13,67,78,474.3979331,509.4618682,2015,Butte Creek,69.97629361,76.05053303
BUT070915CS14,104,119,552.5072051,612.8052483,2015,Butte Creek,83.50741661,93.95304256
BUT071416CS01,54,59,453.4174992,484.6267522,2016,Butte Creek,66.34178488,71.74826519
BUT071615CS01,54,73,415.7361585,481.4713637,2015,Butte Creek,59.81412379,71.20164697
BUT072215CS01,74,85,497.6751325,535.2201216,2015,Butte Creek,74.0086785,80.51271895
BUT072418CS01,NA,NA,469.6821217,515.137999,2018,Butte Creek,69.15935828,77.0338276
BUT072418CS03,75,80,547.3445175,575.7805509,2018,Butte Creek,82.61306746,87.53913392
BUT072418CS04,65,85,547.6969716,629.6600071,2018,Butte Creek,82.67412423,96.8728472
BUT072815CS01,13,85,274.4456705,548.0275531,2015,Butte Creek,35.33791344,82.73139193
BUT072816CS01,60,69,502.1880761,539.7068004,2016,Butte Creek,74.79047038,81.2899609
BUT072816CS02,NA,NA,425.0489293,474.9534681,2016,Butte Creek,61.42740533,70.07253075
BUT073103CS01,60,76,484.5149184,544.2676261,2003,Butte Creek,71.72889184,82.08004755
BUT080118CS01,89,97,528.4759755,562.4987904,2018,Butte Creek,79.34440862,85.23829138
BUT080118CS02,67,75,549.4591079,588.5616266,2018,Butte Creek,82.97938483,89.7532412
BUT080216CS01,NA,NA,433.1730101,463.356811,2016,Butte Creek,62.83476624,68.06360415
BUT080216CS02,51,61,449.0560762,482.9603506,2016,Butte Creek,65.58624139,71.45958901
BUT080216CS03,49,61,472.3807652,534.9765932,2016,Butte Creek,69.62685306,80.47053174
BUT080216CS04,NA,NA,266.2174344,459.3061775,2016,Butte Creek,33.91250936,67.36189975
BUT080216CS05,51,57,460.6113357,489.8963678,2016,Butte Creek,67.58799655,72.66113782
BUT080415CS01,76,84,490.6087162,529.589703,2015,Butte Creek,72.78454025,79.53734325
BUT080415CS02,51,65,435.8453084,496.2312912,2015,Butte Creek,63.29769715,73.75855717
BUT080416CS01,50,60,445.0062438,493.6235485,2016,Butte Creek,64.88467577,73.30680944
BUT080416CS02,75,80,445.6282424,468.8783739,2016,Butte Creek,64.9924266,69.02012243
BUT080503CS01,53,60,476.8197144,503.5388415,2003,Butte Creek,70.39582665,75.02446786
BUT080703CS01,78,84,558.6030275,585.4740336,2003,Butte Creek,84.56341572,89.21836743
BUT080718CS01,76,82,528.7064743,562.6715441,2018,Butte Creek,79.38433868,85.26821808
BUT080916CS01,NA,NA,427.6265303,469.1370952,2016,Butte Creek,61.87393153,69.06494156
BUT081116CS01,NA,NA,470.2146708,520.2077978,2016,Butte Creek,69.25161348,77.91208533
BUT081116CS02,53,60,450.0364802,476.8827314,2016,Butte Creek,65.75607996,70.40674329
BUT081116CS03,NA,NA,420.2772762,507.3268689,2016,Butte Creek,60.60079636,75.68068015
BUT081116CS04,NA,NA,450.5633744,467.1777434,2016,Butte Creek,65.84735556,68.72551669
BUT081203CS01,69,79,466.4018318,508.5057317,2003,Butte Creek,68.591103,75.8848984
BUT081203CS02,36,73,380.3106333,552.5836023,2003,Butte Creek,53.67724494,83.52065114
BUT081203CS03,72,82,480.5541497,524.2048855,2003,Butte Creek,71.04275502,78.60451382
BUT081203CS04,NA,NA,537.889186,556.2822993,2003,Butte Creek,80.97508965,84.16138845
BUT081303CS02,51,61,453.8543546,498.9103681,2003,Butte Creek,66.41746275,74.22266237
BUT081303CS03,76,87,502.2108199,548.0124456,2003,Butte Creek,74.79441037,82.72877482
BUT081303CS04,65,79,501.1111526,567.3478812,2003,Butte Creek,74.60391142,86.07831514
BUT081303CS05,72,91,503.955101,554.9079105,2003,Butte Creek,75.09657784,83.9232986
BUT081412CS01,74,85,474.2772571,518.1706406,2012,Butte Creek,69.95538851,77.55918196
BUT081418CS01,NA,NA,464.9813212,474.7102843,2018,Butte Creek,68.34502334,70.03040322
BUT081612CS01,77,89,541.2007792,572.1574438,2012,Butte Creek,81.54876771,86.9114913
BUT081612CS02,75,91,550.1003569,594.4608064,2012,Butte Creek,83.09047047,90.77517527
BUT081612CS03,NA,NA,416.2352431,454.2126054,2012,Butte Creek,59.90058183,66.4795237
BUT081612CS04,73,80,555.4812508,604.5403487,2012,Butte Creek,84.0226202,92.52128715
BUT081612CS05,76,85,545.4118186,595.4243212,2012,Butte Creek,82.27825974,90.94208808
BUT081612CS06,82,93,513.9043122,554.8823047,2012,Butte Creek,76.82011203,83.91886282
BUT081612CS07,62,73,525.4777317,567.1832769,2012,Butte Creek,78.82501311,86.0498002
BUT081612CS08,71,76,504.5403252,533.3340648,2012,Butte Creek,75.19795814,80.1859912
BUT081612CS09,79,89,589.0876268,619.9105657,2012,Butte Creek,89.84436192,95.18391977
BUT081612CS10,NA,NA,557.573161,605.7362569,2012,Butte Creek,84.3850086,92.7284582
BUT081616CS01,61,67,494.8106758,523.027762,2016,Butte Creek,73.51245936,78.40059689
BUT081803CS01,57,70,498.120401,547.5267831,2003,Butte Creek,74.08581381,82.64464192
BUT081803CS02,NA,NA,350.4752584,399.8590232,2003,Butte Creek,48.50876601,57.06367605
BUT081803CS03,NA,NA,489.0774771,535.6545307,2003,Butte Creek,72.51927871,80.58797305
BUT081816CS01,NA,NA,474.1384213,514.5583115,2016,Butte Creek,69.93133753,76.93340645
BUT082112CS01,59,73,457.0203071,511.6929734,2012,Butte Creek,66.96591099,76.43703462
BUT082112CS02,74,87,491.0268972,539.9318275,2012,Butte Creek,72.85698309,81.32894308
BUT082112CS03,27,79,321.8524825,554.3054327,2012,Butte Creek,43.55034953,83.81892941
BUT082112CS04,94,105,564.2413743,588.2570684,2012,Butte Creek,85.54016486,89.70048159
BUT082112CS05,53,75,404.1820561,521.9975264,2012,Butte Creek,57.81256909,78.22212582
BUT082112CS06,NA,NA,452.8853451,541.3512756,2012,Butte Creek,66.24959809,81.57483869
BUT082118CS01,58,68,514.0426578,561.69239,2018,Butte Creek,76.8440781,85.09859603
BUT082212CS01,94,104,511.7484244,555.7008778,2012,Butte Creek,76.44664058,84.06066689
BUT082212CS02,69,76,505.5498841,534.6729831,2012,Butte Creek,75.3728473,80.41793637
BUT082212CS03,NA,NA,481.5415148,527.7722365,2012,Butte Creek,71.21379948,79.22249762
BUT082312CS01,69,80,507.9328476,554.6549227,2012,Butte Creek,75.78565582,83.8794727
BUT082312CS02,70,80,532.4266411,568.3002824,2012,Butte Creek,80.02879525,86.2433027
BUT082316CS01,62,72,477.3523219,513.5321592,2016,Butte Creek,70.48809198,76.75564276
BUT082316CS02,46,55,456.4709133,501.5588722,2016,Butte Creek,66.87073771,74.68147135
BUT082316CS03,63,72,544.392586,597.722427,2016,Butte Creek,82.10169477,91.34019642
BUT082316CS05,59,66,482.5601902,521.4971052,2016,Butte Creek,71.39026793,78.13543624
BUT082316CS06,NA,NA,442.0937494,483.864632,2016,Butte Creek,64.38013489,71.61624062
BUT082316CS07,49,59,433.6382501,478.9413084,2016,Butte Creek,62.91536128,70.76335727
BUT082516CS01,NA,NA,442.3257886,473.2698211,2016,Butte Creek,64.42033181,69.7808671
BUT082516CS02,58,71,481.557017,529.3876663,2016,Butte Creek,71.21648498,79.50234377
BUT082516CS03,NA,NA,462.450469,506.9692903,2016,Butte Creek,67.90659559,75.61873566
BUT082516CS04,48,61,447.0772607,492.6185126,2016,Butte Creek,65.24344475,73.1327038
BUT082516CS05,NA,NA,430.3913705,458.2451865,2016,Butte Creek,62.35289378,67.17810083
BUT082803CS02,74,88,427.8416486,485.3141385,2003,Butte Creek,61.91119717,71.86734334
BUT082803CS03,73,85,477.4753392,516.714021,2003,Butte Creek,70.50940267,77.30684702
BUT082818CS01,NA,NA,506.7600587,540.3084731,2018,Butte Creek,75.58248979,81.39419062
BUT082818CS02,72,82,529.0372478,574.2402433,2018,Butte Creek,79.44163963,87.27230142
BUT083016CS01,59,69,460.4786111,500.896229,2016,Butte Creek,67.56500424,74.5666795
BUT083016CS02,NA,NA,484.0131631,514.4591031,2016,Butte Creek,71.64197115,76.91622026
BUT083016CS03,52,57,455.1101961,482.0993481,2016,Butte Creek,66.63501626,71.31043476
BUT083016CS04,26,86,343.6582248,588.0841121,2016,Butte Creek,47.32782912,89.67051981
BUT083018CS01,79,91,592.6677461,645.5920452,2018,Butte Creek,90.46455761,99.63280592
BUT090115CS01,98,107,592.1060459,628.7397528,2015,Butte Creek,90.36725247,96.71342854
BUT090116CS01,56,69,455.4206418,489.018484,2016,Butte Creek,66.68879578,72.50905915
BUT090116CS02,47,62,403.5288783,459.0796194,2016,Butte Creek,57.69941697,67.32265235
BUT090203CS01,74,88,538.6021802,582.2361,2003,Butte Creek,81.09860395,88.65744967
BUT090517CS01,NA,NA,766.7733059,795.5316277,2017,Butte Creek,120.6254295,125.607327
BUT090517CS02,NA,NA,521.1004682,610.7763468,2017,Butte Creek,78.06672552,93.60156935
BUT090612CS01,63,76,532.9534333,592.8010941,2012,Butte Creek,80.12005318,90.48765792
BUT090816CS01,56,63,455.0532155,499.3548398,2016,Butte Creek,66.62514532,74.29965966
BUT090816CS03,54,73,427.6271111,477.3636856,2016,Butte Creek,61.87403214,70.49006055
BUT091112CS01,68,75,462.1618715,498.6740002,2012,Butte Creek,67.8566009,74.18171559
BUT091118CS01,81,90,501.8584612,535.9668382,2018,Butte Creek,74.73337012,80.64207509
BUT091217CS01,59,71,425.1956145,460.0371924,2017,Butte Creek,61.45281608,67.48853583
BUT091217CS02,64,72,507.4731799,562.2526245,2017,Butte Creek,75.70602608,85.19564727
BUT091217CS03,NA,NA,453.05999,477.0202319,2017,Butte Creek,66.27985239,70.43056295
BUT091316CS01,45,56,447.7028585,494.9572082,2016,Butte Creek,65.3518191,73.53784365
BUT091316CS02,60,69,484.5850511,526.7114083,2016,Butte Creek,71.74104115,79.0387269
BUT091406CS01,54,74,463.7923086,534.0293459,2006,Butte Creek,68.13904681,80.30643701
BUT091406CS02,87,95,534.4540118,576.6207397,2006,Butte Creek,80.38000327,87.68468255
BUT091515CS01,115,124,569.1824718,606.4218041,2015,Butte Creek,86.39612723,92.84721777
BUT091516CS01,NA,NA,488.655561,518.9466997,2016,Butte Creek,72.44618882,77.69362121
BUT091516CS02,NA,NA,499.0972766,542.8339709,2016,Butte Creek,74.25504113,81.83169081
BUT091814CS01,83,96,535.0682029,573.2394305,2014,Butte Creek,80.48640159,87.09892738
BUT091818CS01,66,70,516.7425344,552.0169446,2018,Butte Creek,77.31178648,83.42248718
BUT091818CS02,82,94,554.064484,595.182085,2018,Butte Creek,83.77718908,90.90012471
BUT091818CS03,86,99,564.7216908,598.606453,2018,Butte Creek,85.62337166,91.4933391
BUT092016CS01,52,62,445.2459574,480.2888539,2016,Butte Creek,64.92620213,70.99679696
BUT092016CS02,56,72,450.8084978,514.3352027,2016,Butte Creek,65.88981909,76.89475659
BUT092016CS03,56,65,501.4185527,538.1672816,2016,Butte Creek,74.65716334,81.02326506
BUT092016CS04,60,69,489.302291,520.9427703,2016,Butte Creek,72.55822396,78.039407
BUT092016CS05,NA,NA,450.0712773,481.208028,2016,Butte Creek,65.76210798,71.15602848
BUT092106CS01,92,101,493.7882383,522.4055118,2006,Butte Creek,73.33533919,78.29280247
BUT092111CS01,75,83,514.8553917,547.527913,2011,Butte Creek,76.98487063,82.64483765
BUT092111CS02,53,80,422.4045399,532.4912764,2011,Butte Creek,60.96930916,80.03999223
BUT092211CS01,55,70,442.4637019,491.9464267,2011,Butte Creek,64.44422298,73.01627618
BUT092211CS02,55,66,496.64194,545.281397,2011,Butte Creek,73.8296952,82.25566639
BUT092211CS03,47,55,417.2947793,452.1718968,2011,Butte Creek,60.08412873,66.12600511
BUT092211CS04,59,66,540.3123475,575.9990104,2011,Butte Creek,81.3948618,87.57697837
BUT092211CS05,NA,NA,547.6125476,566.7222177,2011,Butte Creek,82.65949918,85.96992943
BUT092211CS06,26,42,371.2867665,444.79597,2011,Butte Creek,52.11401117,64.84824935
BUT092211CS07,64,84,449.0998322,514.5396179,2011,Butte Creek,65.59382139,76.9301681
BUT092211CS09,73,86,512.4974672,568.8579496,2011,Butte Creek,76.57639969,86.33990921
BUT092215CS01,81,91,444.8393872,477.1288655,2015,Butte Creek,64.85577066,70.4493819
BUT092215CS02,NA,NA,529.919642,559.2987144,2015,Butte Creek,79.59449965,84.68393183
BUT092215CS03,15,62,315.868256,511.9079105,2015,Butte Creek,42.51368253,76.47426887
BUT092311CS01,65,75,483.9746467,522.9168835,2011,Butte Creek,71.63529883,78.38138904
BUT092314CS01,107,107,595.3627496,635.0958284,2014,Butte Creek,90.93142183,97.81451218
BUT092314CS02,102,107,486.6011171,509.3502119,2014,Butte Creek,72.09029083,76.03119044
BUT092314CS03,NA,NA,441.5126186,482.3340777,2014,Butte Creek,64.27946373,71.35109773
BUT092314CS04,78,88,546.9819647,582.3953071,2014,Butte Creek,82.55026126,88.68502962
BUT092314CS05,66,79,516.6834932,570.3640267,2014,Butte Creek,77.30155858,86.60081183
BUT092314CS06,83,89,514.1256778,536.7293539,2014,Butte Creek,76.85845991,80.77416818
BUT092314CS07,58,66,499.2109859,536.4375477,2014,Butte Creek,74.27473937,80.72361763
BUT092314CS08,82,89,533.2060429,569.617715,2014,Butte Creek,80.16381356,86.47152584
BUT092415CS01,82,91,541.4006313,584.2488705,2015,Butte Creek,81.58338873,89.00612845
BUT092415CS02,74,88,464.8345719,517.1417857,2015,Butte Creek,68.31960148,77.38095009
BUT092415CS03,67,76,541.2769082,590.3705686,2015,Butte Creek,81.56195578,90.0666101
BUT092503CS01,70,76,488.4816452,524.727963,2003,Butte Creek,72.41606082,78.69512823
BUT092514CS01,79,93,491.4117617,537.1408899,2014,Butte Creek,72.92365442,80.8454599
BUT092514CS02,NA,NA,540.604015,589.2553081,2014,Butte Creek,81.4453883,89.8734099
BUT092514CS03,NA,NA,454.4397351,489.7048775,2014,Butte Creek,66.51887012,72.62796532
BUT092514CS04,79,95,481.9517754,536.5263827,2014,Butte Creek,71.28487025,80.73900681
BUT092514CS05,85,97,515.4396308,555.0329735,2014,Butte Creek,77.08608027,83.94496367
BUT092514CS06,73,85,488.0232897,534.030764,2014,Butte Creek,72.33665841,80.30668268
BUT092514CS07,66,78,489.9752063,556.7211605,2014,Butte Creek,72.67479527,84.2374138
BUT092514CS08,7,81,255.0750529,536.0738822,2014,Butte Creek,33.40288579,80.66061869
BUT092518CS01,64,72,560.9738316,609.5523582,2018,Butte Creek,84.97411782,93.38953383
BUT092518CS02,72,78,521.496527,558.2474361,2018,Butte Creek,78.13533606,84.50181547
BUT092518CS03,92,102,557.9198797,611.9649643,2018,Butte Creek,84.44507181,93.80747744
BUT092518CS04,NA,NA,464.9974793,503.2163563,2018,Butte Creek,68.34782245,74.9686027
BUT092518CS05,78,87,493.2703773,524.3816153,2018,Butte Creek,73.24562844,78.6351293
BUT092518CS06,72,79,540.5764066,582.0471954,2018,Butte Creek,81.44060561,88.62472511
BUT092518CS07,71,80,514.5435019,551.4148687,2018,Butte Creek,76.93084094,83.31818762
BUT092518CS08,66,75,543.0673945,596.621522,2018,Butte Creek,81.87212754,91.14948307
BUT092518CS09,73,79,524.2182213,554.0218103,2018,Butte Creek,78.60682402,83.76979658
BUT092518CS10,NA,NA,474.5357092,531.1648818,2018,Butte Creek,70.00016102,79.81021658
BUT092706CS01,63,77,480.0824073,542.0152834,2006,Butte Creek,70.96103355,81.68986691
BUT092706CS02,58,72,450.5327879,496.4573448,2006,Butte Creek,65.84205696,73.79771718
BUT092718CS01,NA,NA,491.6211623,533.6023194,2018,Butte Creek,72.95992956,80.23246182
BUT092718CS02,91,102,541.1395284,583.3959837,2018,Butte Creek,81.53815703,88.85838009
BUT092718CS03,86,93,579.7233698,601.0412808,2018,Butte Creek,88.22216125,91.91513224
BUT092718CS04,71,80,513.0468834,545.5334457,2018,Butte Creek,76.67157685,82.2993296
BUT092718CS05,NA,NA,470.2314705,510.5884435,2018,Butte Creek,69.25452376,76.24569331
BUT092718CS06,75,84,532.8308967,579.867344,2018,Butte Creek,80.09882577,88.24710236
BUT092718CS07,66,73,512.4956437,548.2204514,2018,Butte Creek,76.57608381,82.76480833
BUT092806CS01,NA,NA,376.0495934,433.2350518,2006,Butte Creek,52.93909116,62.84551393
BUT092806CS02,NA,NA,438.4493148,489.7064205,2006,Butte Creek,63.74879765,72.62823262
BUT092806CS03,NA,NA,429.9380265,487.6683423,2006,Butte Creek,62.27435953,72.27516972
BUT092806CS04,61,91,460.0983935,589.7305029,2006,Butte Creek,67.49913791,89.95572943
BUT092806CS05,NA,NA,596.3767934,645.2697193,2006,Butte Creek,91.10708794,99.57696836
BUT092806CS06,60,74,458.2734978,502.6112949,2006,Butte Creek,67.18300529,74.86378595
BUT092806CS07,69,86,472.5659988,524.4134426,2006,Butte Creek,69.65894168,78.64064284
BUT092810CS01,NA,NA,419.2007544,468.504622,2010,Butte Creek,60.414307,68.95537619
BUT092810CS02,65,72,504.3553644,549.0466915,2010,Butte Creek,75.16591678,82.9079406
BUT092810CS03,99,111,511.5328689,564.9028152,2010,Butte Creek,76.4092992,85.65474841
BUT092810CS04,NA,NA,308.4198962,593.7679669,2010,Butte Creek,41.22337896,90.65515244
BUT092810CS05,60,74,458.6720152,519.5593435,2010,Butte Creek,67.25204175,77.79975147
BUT092810CS06,68,76,480.9667267,504.4115747,2010,Butte Creek,71.11422707,75.17565428
BUT092811CS01,64,86,419.5045203,508.6089698,2011,Butte Creek,60.46692933,75.90278266
BUT092811CS02,55,66,474.8363842,507.6447924,2011,Butte Creek,70.05224792,75.73575507
BUT092811CS03,NA,NA,413.2487002,501.8467828,2011,Butte Creek,59.3832133,74.73134704
BUT092811CS04,58,77,513.0617461,592.421655,2011,Butte Creek,76.67415158,90.42192646
BUT092811CS05,53,67,449.221993,503.0885925,2011,Butte Creek,65.61498369,74.94646976
BUT092811CS06,63,77,500.0908725,536.9747103,2011,Butte Creek,74.42716498,80.81667206
BUT092811CS08,63,73,494.277265,533.0624415,2011,Butte Creek,73.42005487,80.13893702
BUT092811CS09,78,84,536.0645344,551.8053135,2011,Butte Creek,80.65899933,83.38582563
BUT092811CS10,45,59,430.9788041,496.8848169,2011,Butte Creek,62.45465681,73.87176956
BUT092905CS01,74,85,490.4144045,542.4489684,2005,Butte Creek,72.75087899,81.76499557
BUT092905CS02,95,100,550.7752837,569.2687845,2005,Butte Creek,83.20739024,86.41107947
BUT092905CS03,82,90,495.5946316,527.3368334,2005,Butte Creek,73.64826656,79.14707133
BUT092905CS04,100,106,513.525635,548.4920729,2005,Butte Creek,76.75451255,82.81186221
BUT092905CS05,88,96,557.7601576,589.7852867,2005,Butte Creek,84.41740264,89.96521981
BUT092915CS01,NA,NA,524.9624023,547.8598467,2015,Butte Creek,78.73574091,82.70233961
BUT092915CS02,83,88,555.9575799,584.6191172,2015,Butte Creek,84.10513624,89.07026748
BUT092915CS03,121,130,613.6740379,649.8899332,2015,Butte Creek,94.1035458,100.377343
BUT092915CS04,69,85,498.7960743,549.4597527,2015,Butte Creek,74.20286288,82.97949653
BUT092915CS05,111,116,585.6316867,631.9771249,2015,Butte Creek,89.24567819,97.27424904
BUT093003CS01,69,81,444.8225527,486.3918118,2003,Butte Creek,64.85285436,72.05403219
BUT093003CS02,67,81,492.4507746,549.142518,2003,Butte Creek,73.10364601,82.92454093
BUT093010CS01,13,75,275.6126609,556.0720745,2010,Butte Creek,35.54007498,84.12497051
BUT093010CS02,63,74,453.5151571,494.380374,2010,Butte Creek,66.35870246,73.43791677
BUT093010CS03,27,79,306.726371,520.1979588,2010,Butte Creek,40.93000409,77.91038088
BUT093010CS04,61,75,531.5780387,578.7046016,2010,Butte Creek,79.8817891,88.04567672
BUT093010CS05,73,87,564.5804493,610.7242462,2010,Butte Creek,85.59890392,93.5925438
BUT093010CS06,85,95,474.9189536,523.5500651,2010,Butte Creek,70.06655169,78.49107715
BUT093010CS07,62,74,542.5644546,606.1293375,2010,Butte Creek,81.78500162,92.79655284
BUT093010CS09,NA,NA,487.530396,522.7468959,2010,Butte Creek,72.25127282,78.35194154
BUT093010CS11,NA,NA,462.0720565,507.9356712,2010,Butte Creek,67.84104195,75.78614495
BUT093010CS12,NA,NA,475.294568,501.0316364,2010,Butte Creek,70.13162059,74.59013658
BUT093010CS13,NA,NA,270.8613661,355.0563515,2010,Butte Creek,34.71699275,49.30236365
BUT093010CS14,56,63,493.8150291,517.9281234,2010,Butte Creek,73.33998024,77.51716991
BUT093014CS01,99,118,606.684331,663.2284362,2014,Butte Creek,92.89269617,102.6880152
BUT093014CS02,112,120,600.2350626,640.0079263,2014,Butte Creek,91.77546845,98.66545086
BUT093014CS03,88,99,492.2339964,530.6515674,2014,Butte Creek,73.0660928,79.72129347
BUT093014CS04,77,87,523.114037,553.9492433,2014,Butte Creek,78.41554258,83.75722556
BUT093014CS05,61,71,483.9980863,529.6704931,2014,Butte Creek,71.63935934,79.55133878
BUT093014CS06,74,84,477.5097983,520.2472041,2014,Butte Creek,70.51537212,77.91891181
BUT100110CS02,81,89,498.7102106,537.4884432,2010,Butte Creek,74.18798844,80.90566768
BUT100110CS03,53,58,436.3174065,459.3897407,2010,Butte Creek,63.37948024,67.37637567
BUT100110CS04,NA,NA,519.3709657,566.6422041,2010,Butte Creek,77.76711818,85.95606841
BUT100110CS05,61,72,486.15532,529.1827269,2010,Butte Creek,72.01306394,79.46684145
BUT100110CS07,68,85,455.855213,513.1078441,2010,Butte Creek,66.76407795,76.68213728
BUT100115CS01,NA,NA,385.2563651,425.118374,2015,Butte Creek,54.53401013,61.43943545
BUT100203CS01,79,87,474.6279279,496.3700349,2003,Butte Creek,70.01613635,73.78259219
BUT100203CS02,63,75,530.3656872,585.2628507,2003,Butte Creek,79.6717695,89.18178353
BUT100203CS03,NA,NA,383.4681565,413.3178537,2003,Butte Creek,54.22423295,59.39519299
BUT100306CS01,81,91,468.6660734,507.0659222,2006,Butte Creek,68.98334493,75.63547551
BUT100306CS02,97,107,521.1089951,545.3818588,2006,Butte Creek,78.06820267,82.27306971
BUT100306CS03,NA,NA,389.5272859,455.7101698,2006,Butte Creek,55.27387562,66.73895165
BUT100306CS04,126,136,588.9048162,621.1078221,2006,Butte Creek,89.81269305,95.39132439
BUT100306CS05,61,74,486.4560165,551.9065649,2006,Butte Creek,72.06515457,83.40336575
BUT100317CS01,NA,NA,494.5192793,549.1216668,2017,Butte Creek,73.4619798,82.9209288
BUT100317CS02,72,84,531.2395365,592.1161421,2017,Butte Creek,79.82314927,90.36900146
BUT100317CS03,54,66,448.3278098,495.2249371,2017,Butte Creek,65.46008143,73.58422318
BUT100317CS04,NA,NA,847.1360037,859.5531879,2017,Butte Creek,134.5469207,136.6979899
BUT100317CS05,65,76,511.9221866,577.3100272,2017,Butte Creek,76.47674198,87.80409007
BUT100317CS06,76,85,546.0468791,584.2653993,2017,Butte Creek,82.38827334,89.00899177
BUT100405CS01,NA,NA,561.3321643,613.8268397,2005,Butte Creek,85.03619296,94.13001616
BUT100405CS02,NA,NA,440.1850097,482.4789938,2005,Butte Creek,64.04947772,71.37620201
BUT100406CS01,50,63,394.5831178,439.2568897,2006,Butte Creek,56.14971382,63.88869647
BUT100406CS02,67,74,466.1478286,500.1355465,2006,Butte Creek,68.54710121,74.43490401
BUT100406CS05,55,66,433.9796406,480.3912585,2006,Butte Creek,62.97450147,71.01453684
BUT100418CS01,90,98,493.5108889,531.1223148,2018,Butte Creek,73.28729304,79.80284257
BUT100418CS02,71,78,507.5136064,542.9064973,2018,Butte Creek,75.71302931,81.8442548
BUT100505CS01,103,115,563.6331342,601.9748382,2005,Butte Creek,85.43479746,92.07685542
BUT100505CS02,89,95,521.3932734,558.6008303,2005,Butte Creek,78.11744911,84.5630351
BUT100505CS03,94,105,548.6829455,592.3179385,2005,Butte Creek,82.84492769,90.40395931
BUT100506CS01,NA,NA,430.1486397,458.6671681,2006,Butte Creek,62.31084474,67.25120208
BUT100506CS02,89,95,537.1435725,567.9796899,2006,Butte Creek,80.8459246,86.18776541
BUT100506CS03,NA,NA,501.4003253,541.2985008,2006,Butte Creek,74.65400576,81.56569634
BUT100506CS05,52,72,420.5411906,483.5805765,2006,Butte Creek,60.64651511,71.56703277
BUT100506CS06,62,77,411.3351804,479.7154606,2006,Butte Creek,59.05172804,70.89746617
BUT100506CS07,63,70,445.4859564,481.1567055,2006,Butte Creek,64.96777794,71.14713771
BUT100506CS08,20,59,281.4153291,462.4157696,2006,Butte Creek,36.54529004,67.9005845
BUT100506CS10,NA,NA,513.9078212,540.6638746,2006,Butte Creek,76.82071991,81.45575798
BUT100506CS11,98,98,616.2244983,642.586286,2006,Butte Creek,94.54537035,99.11210849
BUT100506CS12,109,118,587.4993514,627.7826561,2006,Butte Creek,89.56921981,96.54762758
BUT100506CS13,76,83,494.1957777,527.5596823,2006,Butte Creek,73.40593856,79.18567617
BUT100506CS14,96,103,552.3130548,590.5153276,2006,Butte Creek,83.47378332,90.09168717
BUT100506CS15,NA,NA,612.5108006,643.3267393,2006,Butte Creek,93.90203443,99.24037962
BUT100506CS16,56,64,468.1559957,510.9711863,2006,Butte Creek,68.89498251,76.31199711
BUT100506CS17,114,123,627.7504254,671.0003605,2006,Butte Creek,96.54204416,104.0343709
BUT100510CS02,NA,NA,584.8028358,624.2519776,2010,Butte Creek,89.10209366,95.93599667
BUT100510CS03,NA,NA,475.2685162,523.2074857,2010,Butte Creek,70.12710755,78.43173101
BUT100510CS04,NA,NA,418.1084686,469.8311779,2010,Butte Creek,60.22508676,69.18517977
BUT100510CS05,64,76,508.1694475,573.2869314,2010,Butte Creek,75.82664279,87.10715611
BUT100510CS06,64,71,499.838941,538.8888025,2010,Butte Creek,74.38352207,81.14825647
BUT100517CS01,85,95,524.4124173,552.525438,2017,Butte Creek,78.64046522,83.51057515
BUT100517CS03,65,85,526.9358913,633.0466952,2017,Butte Creek,79.07761483,97.45953417
BUT100605CS02,86,97,521.3554503,566.1989975,2005,Butte Creek,78.1108969,85.87929029
BUT100605CS04,83,88,537.0829577,557.1191995,2005,Butte Creek,80.83542411,84.30636738
BUT100605CS05,82,95,547.0200883,595.8650391,2005,Butte Creek,82.55686553,91.01843508
BUT100605CS06,76,86,481.8433722,523.2916514,2005,Butte Creek,71.26609121,78.4463113
BUT100605CS07,95,101,454.1759287,477.8871064,2005,Butte Creek,66.47317007,70.58073444
BUT100605CS08,85,94,484.8664473,515.4116509,2005,Butte Creek,71.78978834,77.08123322
BUT100605CS09,98,111,573.3805738,624.7134693,2005,Butte Creek,87.12337809,96.01594238
BUT100605CS10,94,100,524.8821648,550.7406682,2005,Butte Creek,78.72184111,83.20139367
BUT100605CS11,85,94,502.2411142,542.3811929,2005,Butte Creek,74.79965835,81.75325462
BUT100605CS12,101,110,572.4683339,605.1108014,2005,Butte Creek,86.96534781,92.62010852
BUT100703CS01,73,81,474.8605457,504.711174,2003,Butte Creek,70.05643349,75.22755484
BUT100703CS02,NA,NA,459.5531847,498.7638379,2003,Butte Creek,67.40468961,74.19727848
BUT100710CS01,24,73,290.412253,511.541583,2010,Butte Creek,38.10385641,76.41080878
BUT100710CS02,NA,NA,293.6750136,552.040082,2010,Butte Creek,38.66907503,83.42649534
BUT100710CS04,NA,NA,541.3992418,589.4433597,2010,Butte Creek,81.58314804,89.90598668
BUT100710CS05,76,82,517.7668288,549.0599526,2010,Butte Creek,77.48922833,82.91023785
BUT100710CS06,80,91,545.323966,590.7160867,2010,Butte Creek,82.26304075,90.12646532
BUT100710CS07,69,73,479.5377458,498.1128316,2010,Butte Creek,70.86668006,74.08450254
BUT100710CS08,68,85,506.8147904,566.3646253,2010,Butte Creek,75.59197113,85.90798253
BUT100710CS09,NA,NA,666.2977422,691.3951799,2010,Butte Creek,103.2197211,107.5674318
BUT100710CS10,71,77,473.509731,503.1161143,2010,Butte Creek,69.82242748,74.95123746
BUT100710CS11,NA,NA,447.3099218,493.0574469,2010,Butte Creek,65.2837494,73.20874181
BUT100710CS12,NA,NA,471.8296204,536.7386321,2010,Butte Creek,69.53137645,80.77577546
BUT100710CS13,57,69,429.0876554,469.994073,2010,Butte Creek,62.12704697,69.21339862
BUT100710CS14,66,74,497.1903616,536.7916317,2010,Butte Creek,73.92470006,80.78495676
BUT100710CS16,NA,NA,410.9010308,465.5055489,2010,Butte Creek,58.97651891,68.43583699
BUT100710CS17,33,78,332.9638436,502.7705503,2010,Butte Creek,45.47520672,74.89137428
BUT100710CS18,52,66,469.7490948,533.2050624,2010,Butte Creek,69.17096025,80.1636437
BUT100903CS02,NA,NA,461.804064,498.4872805,2003,Butte Creek,67.79461674,74.14936954
BUT100903CS03,NA,NA,473.5090752,513.0852887,2003,Butte Creek,69.82231386,76.67822993
BUT100903CS04,68,77,447.6076301,477.6684281,2003,Butte Creek,65.33532236,70.54285209
BUT100903CS05,55,73,456.4448512,522.7992452,2003,Butte Creek,66.86622289,78.36101018
BUT100917CS01,59,70,446.6784376,482.897939,2017,Butte Creek,65.17435533,71.44877725
BUT100917CS02,NA,NA,433.7986208,497.7562204,2017,Butte Creek,62.94314282,74.02272561
BUT100917CS03,58,75,478.0878894,577.1876167,2017,Butte Creek,70.61551672,87.78288449
BUT100917CS04,68,81,566.8133006,630.0777922,2017,Butte Creek,85.98570802,96.94522146
BUT100917CS05,13,73,288.8897039,480.2711299,2017,Butte Creek,37.84010028,70.99372658
BUT100917CS06,71,84,445.2468534,501.0578907,2017,Butte Creek,64.92635735,74.59468469
BUT100917CS07,65,75,517.4259906,558.0836063,2017,Butte Creek,77.43018383,84.4734347
BUT100918CS01,65,78,490.5916964,549.2970992,2018,Butte Creek,72.78159184,82.95131953
BUT100918CS02,78,90,473.6655557,532.0645686,2018,Butte Creek,69.84942149,79.96607225
BUT100918CS03,NA,NA,590.1002137,651.1016259,2018,Butte Creek,90.01977563,100.5872485
BUT100918CS04,73,85,555.2167249,609.713376,2018,Butte Creek,83.97679552,93.41742747
BUT100918CS05,68,79,507.4350577,557.6974453,2018,Butte Creek,75.69942205,84.40653877
BUT100918CS06,78,84,527.4658456,567.5759868,2018,Butte Creek,79.16942052,86.11783063
BUT100918CS07,61,72,504.3259413,559.9768052,2018,Butte Creek,75.16081972,84.8013997
BUT100918CS08,90,90,544.7271881,570.5800055,2018,Butte Creek,82.15965899,86.63822654
BUT100918CS09,NA,NA,524.6637726,558.681505,2018,Butte Creek,78.68400832,84.57701063
BUT100918CS10,74,87,476.8424919,526.0159875,2018,Butte Creek,70.39977248,78.91825689
BUT100918CS11,58,70,496.0530103,535.7521738,2018,Butte Creek,73.727673,80.60488809
BUT101006CS01,NA,NA,479.6923223,504.5019031,2006,Butte Creek,70.89345786,75.19130216
BUT101006CS02,98,104,572.1608513,595.7375118,2006,Butte Creek,86.9120816,90.9963431
BUT101105CS01,NA,NA,540.1511094,572.9877387,2005,Butte Creek,81.36693,87.05532599
BUT101105CS02,78,87,533.246976,574.9215315,2005,Butte Creek,80.17090454,87.39032321
BUT101105CS03,94,105,504.6775698,540.2487429,2005,Butte Creek,75.22173347,81.38384336
BUT101106CS01,65,77,509.5046568,546.2410948,2006,Butte Creek,76.05794543,82.42191795
BUT101205CS01,NA,NA,474.7431195,507.7650702,2005,Butte Creek,70.03609137,75.7565912
BUT101205CS02,119,127,626.9790776,653.844839,2005,Butte Creek,96.40842106,101.0624642
BUT101206CS01,54,63,476.6455773,524.0778138,2006,Butte Creek,70.36566033,78.58250077
BUT101206CS02,58,70,387.4740668,459.4604718,2006,Butte Creek,54.91818981,67.38862864
BUT101206CS04,97,103,494.0361211,531.9014219,2006,Butte Creek,73.37828074,79.93780982
BUT101206CS05,NA,NA,416.7110118,480.6018239,2006,Butte Creek,59.98300079,71.05101376
BUT101206CS06,61,70,432.7109332,478.7746452,2006,Butte Creek,62.75471916,70.73448566
BUT101206CS07,NA,NA,521.7171921,553.0010513,2006,Butte Creek,78.17356261,83.59296719
BUT101206CS08,92,101,534.3954558,564.945802,2006,Butte Creek,80.36985943,85.66219516
BUT101206CS09,NA,NA,365.5693424,410.084595,2006,Butte Creek,51.12356323,58.83508507
BUT101217CS01,NA,NA,454.3259562,472.5595214,2017,Butte Creek,66.49915984,69.65781958
BUT101217CS02,58,69,509.320445,549.3203289,2017,Butte Creek,76.02603382,82.95534368
BUT101217CS03,58,72,458.6108731,502.545061,2017,Butte Creek,67.2414499,74.85231204
BUT101217CS04,82,100,483.7890969,568.0994353,2017,Butte Creek,71.60315543,86.20850931
BUT101217CS05,35,65,386.4914423,541.9590539,2017,Butte Creek,54.74796658,81.6801261
BUT101217CS06,88,97,543.5077015,577.4221677,2017,Butte Creek,81.94840335,87.82351653
BUT101217CS07,59,67,456.9314506,493.4603615,2017,Butte Creek,66.9505181,73.27854003
BUT101217CS08,92,104,519.7277911,570.002572,2017,Butte Creek,77.8289322,86.53819585
BUT101217CS09,92,114,609.3300477,683.1870289,2017,Butte Creek,93.35102227,106.1455071
BUT101217CS10,64,71,484.0023352,521.9140076,2017,Butte Creek,71.64009539,78.2076576
BUT101217CS12,80,90,548.224448,593.5160867,2017,Butte Creek,82.76550067,90.61151841
BUT101305CS02,63,75,449.8522974,493.90075,2005,Butte Creek,65.72417338,73.35482995
BUT101305CS03,81,90,473.5175523,516.3126906,2005,Butte Creek,69.82378238,77.23732325
BUT101305CS05,78,98,467.8321023,515.9206881,2005,Butte Creek,68.83887341,77.16941539
BUT101617CS01,NA,NA,467.9043113,510.7547962,2017,Butte Creek,68.8513824,76.27451115
BUT101617CS02,59,78,465.196235,505.6200827,2017,Butte Creek,68.38225355,75.38500804
BUT101717CS01,NA,NA,448.7973971,482.1247596,2017,Butte Creek,65.54142958,71.31483687
BUT101717CS03,NA,NA,561.0223444,589.2472585,2017,Butte Creek,84.98252185,89.87201544
BUT101717CS04,55,63,494.3003227,529.4768231,2017,Butte Creek,73.42404924,79.51778869
BUT101906CS01,83,90,527.8218254,553.1803062,2006,Butte Creek,79.23108807,83.6240201
BUT101906CS02,81,89,494.8911555,520.2322375,2006,Butte Creek,73.52640111,77.9163191
BUT101906CS03,70,83,473.4389879,522.648346,2006,Butte Creek,69.81017241,78.33486942
BUT101906CS04,83,93,528.658969,563.4400382,2006,Butte Creek,79.37610917,85.4013468
BUT101906CS05,59,69,470.5984068,515.0308981,2006,Butte Creek,69.31808932,77.01527416
BUT101917CS01,NA,NA,761.8448049,787.8737192,2017,Butte Creek,119.7716492,124.2807226
BUT101917CS02,NA,NA,914.3028256,950.3170044,2017,Butte Creek,146.1824476,152.4213008
BUT101917CS03,NA,NA,464.2495656,508.0977612,2017,Butte Creek,68.21825892,75.81422434
BUT101917CS04,NA,NA,567.687912,593.1122521,2017,Butte Creek,86.13721978,90.54156084
BUT101917CS05,253,273,733.1747684,777.7063479,2017,Butte Creek,114.8050456,122.5193959
BUT101917CS07,45,57,451.4294448,500.9916528,2017,Butte Creek,65.99738774,74.58321009
BUT101917CS08,NA,NA,423.1625605,453.9591985,2017,Butte Creek,61.10062354,66.4356252
BUT101917CS09,53,64,493.8634524,534.7699008,2017,Butte Creek,73.34836877,80.43472575
BUT101917CS10,92,109,590.3597706,668.6479938,2017,Butte Creek,90.06473952,103.6268628
BUT101917CS11,47,67,436.7682123,523.1683131,2017,Butte Creek,63.4575748,78.42494501
BUT101917CS12,81,93,495.1614814,534.2794286,2017,Butte Creek,73.57323056,80.34975965
BUT102303CS01,78,86,510.6255354,548.4766176,2003,Butte Creek,76.25211887,82.80918483
